1,62,88.7968,137.7744
1,38,615.6860,1016.0867
1,63,132.4419,199.2086
1,83,77.3608,152.6678
1,13,295.8750,360.7725
1,95,146.7916,216.5847
1,85,148.5654,263.8104
1,110,142.6717,256.4001
1,17,236.9118,251.0729
1,86,286.8963,476.3221
1,24,169.6396,256.8364
1,25,625.9683,923.4246
1,97,69.7714,129.6038
1,1,324.5828,400.5720
1,8,466.9522,795.3521
1,69,79.5609,153.9951
1,4,204.8141,233.5388
1,46,19.3557,26.7851
1,16,19.1684,35.5994
1,9,25.5455,43.8260
1,101,629.2608,921.4229
1,51,277.7391,438.1246
1,104,229.6027,239.8908
1,106,60.5910,66.5515
1,277,217.3960,355.8724
1,76,71.4570,85.8171
1,93,66.6141,103.6996
1,99,10.9995,15.5347
1,15,542.6511,621.5600
1,32,261.9393,496.8639
1,266,14.6865,17.7420
1,59,261.8085,501.1280
1,78,383.7009,663.4026
1,211,116.2725,146.8910
1,77,395.5912,403.7986
1,5,105.2344,171.7958
1,91,233.5551,456.1236
1,112,544.4883,891.6861
1,102,300.9369,521.3541
1,119,90.8284,114.5841
1,176,134.5080,226.4231
1,644,66.6559,66.9620
1,103,166.0865,292.1862
1,26,11.0192,17.3613
1,88,205.4705,402.9569
1,29,62.5881,76.4599
1,744,109.2448,149.5456
1,42,139.3195,260.2759
1,90,438.0728,749.9427
1,242,751.1430,1434.2853
1,114,43.6250,49.9848
1,115,234.5447,361.3003
1,107,409.3460,599.1636
1,39,345.6893,631.1139
1,96,142.4739,247.0740
1,58,366.2757,505.8685
1,256,266.1888,273.5237
1,22,239.5234,426.3018
1,14,418.1750,469.9826
1,782,546.5700,999.3873
1,54,396.6404,557.0755
1,50,253.9123,478.9409
1,56,368.9935,442.5188
1,400,373.3328,669.0711
1,84,119.9477,181.4662
1,442,401.8845,486.1503
1,113,528.6140,582.5767
1,64,521.9295,867.4427
1,11,72.2863,140.8963
1,100,151.3612,172.7501
1,363,236.9884,403.1954
1,43,26.2903,50.1188
1,620,28.6200,50.0187
1,983,132.1940,252.1580
1,184,126.0801,222.0948
1,757,141.1790,145.7204
1,869,225.4750,309.2542
1,229,56.2596,89.1614
1,294,85.3671,94.1555
1,98,109.1320,202.3858
1,228,384.9739,706.8663
1,350,572.9959,723.3454
1,57,165.2870,175.7573
1,540,579.3158,677.8313
1,617,192.3052,297.5721
1,170,499.3312,748.5401
1,49,522.3070,695.3616
1,73,164.5095,277.2956
1,643,56.2197,103.5000
1,67,169.4393,325.2271
1,251,231.3081,324.3803
1,71,530.8029,855.3309
1,422,25.9213,30.5750
1,763,55.1914,101.5045
1,448,276.2797,512.4270
1,246,96.3864,173.0324
1,20,39.7579,66.6674
1,79,11.5167,15.6198
1,118,10.9543,14.4757
1,41,122.3488,179.0988
1,6,38.0445,39.1986
1,535,489.1115,629.9908
1,423,349.3905,565.0660
1,835,404.7704,451.5709
1,141,129.9826,200.5563
1,748,459.6759,664.6262
1,3,77.3259,127.3444
1,801,70.7706,97.1382
1,94,122.7530,125.0357
1,135,268.2934,451.6762
1,537,171.4211,214.5244
1,686,35.1327,52.8706
1,80,128.9765,159.6227
1,966,476.3082,765.0518
1,136,148.4854,219.4072
1,786,307.2773,536.6820
1,877,389.5989,497.9107
1,12,52.0486,100.4551
1,324,109.0793,174.9025
1,954,92.5572,161.3380
2,78,21.5373,37.9998
2,73,39.3153,57.3781
2,75,121.0250,206.3378
2,62,82.4258,148.0517
2,19,200.9608,309.6843
2,33,492.0786,745.2463
2,26,131.6157,141.0943
2,52,62.0349,103.5383
2,22,21.9117,42.6559
2,79,120.3444,150.0516
2,829,216.7548,387.5240
2,58,38.9213,57.9478
2,84,394.7352,456.9718
2,18,11.0218,18.5385
2,48,259.5513,274.6653
2,74,212.4898,239.4539
2,81,261.2135,488.9601
2,15,380.0180,398.4811
2,66,138.8320,196.6315
2,7,396.1221,420.0922
2,56,317.4409,562.6914
2,45,24.8532,49.3283
2,82,81.8849,100.9790
2,188,350.0011,382.5579
2,920,65.0977,97.8889
2,30,211.2182,335.7208
2,41,366.8011,595.8849
2,790,390.7220,570.8087
2,248,273.1861,370.4267
2,40,555.0653,1056.3754
2,253,219.6524,405.5462
2,323,354.2110,534.1368
2,60,31.7632,54.0656
2,47,57.6462,65.2803
2,46,148.1533,227.7592
2,38,577.6156,719.2643
2,63,440.1343,688.6237
2,67,311.8193,442.1002
2,31,11.7015,22.4761
2,5,225.6865,241.9998
2,92,251.9545,344.4989
2,88,450.5423,786.8221
2,27,56.1866,98.0789
2,842,343.6994,550.2900
2,86,375.2302,465.8627
2,899,409.4007,561.8198
2,800,19.4009,30.9871
2,89,273.5498,300.1412
2,3,98.3212,111.1968
2,55,48.5110,69.0725
2,51,119.2786,148.5055
2,575,59.2636,116.8856
2,455,325.4293,338.0174
2,100,83.6212,162.6760
2,13,119.9858,215.4897
2,532,297.5497,427.2850
2,28,105.8583,153.7095
2,90,112.3210,204.9494
2,127,70.8715,72.3811
2,624,53.0213,95.9287
2,53,472.9749,567.5666
2,85,34.0183,40.8423
2,965,316.4738,450.2328
2,8,95.9790,113.3957
2,776,107.5482,210.3952
2,170,80.8223,129.6543
2,409,308.6208,363.0643
2,856,84.2483,89.7620
2,21,117.8419,163.3168
2,80,57.6718,110.0130
2,12,136.5588,197.1134
2,91,13.7307,19.2544
2,623,568.4231,1088.6142
2,596,451.9511,461.5982
2,93,135.1114,247.4951
2,347,228.1366,442.9489
2,305,35.8977,58.6053
2,24,385.0519,439.1923
2,49,143.5286,242.6511
2,72,44.3120,59.1810
2,150,496.8054,777.3968
2,36,37.9852,54.1236
2,517,175.5567,192.4485
2,362,42.1513,42.2222
2,463,158.6820,303.1452
2,20,184.4677,206.6060
2,299,177.8906,284.3349
2,422,16.2490,18.1193
2,914,130.2311,157.2805
2,71,183.4422,261.7307
2,76,22.5951,31.1177
2,16,505.0507,832.2459
2,822,63.2961,121.5180
2,17,57.6768,68.5890
3,18,383.2696,548.2830
3,6,755.9601,821.8181
3,14,25.7123,27.0083
3,16,549.3635,573.9527
3,629,63.3555,80.2967
3,17,535.9539,910.2331
3,4,146.2795,291.7880
3,12,57.4239,81.1122
3,19,23.2798,40.8096
3,7,356.3316,506.2865
3,1,475.7331,751.0060
3,8,542.5203,751.3971
3,871,296.6066,324.5637
3,841,537.1835,595.8728
3,9,56.4714,63.2673
3,11,513.2927,946.9768
3,10,169.8824,328.3636
3,75,108.8686,208.4588
3,5,51.0919,62.9185
3,946,86.8937,163.5052
4,52,67.5382,81.0758
4,140,312.0614,360.7479
4,130,689.4047,718.0783
4,96,100.1831,113.3632
4,115,451.3183,857.3065
4,57,224.1972,245.9959
4,703,352.3332,576.7380
4,111,306.4017,512.6308
4,54,183.3654,214.8054
4,78,111.8123,151.8840
4,150,143.4416,151.9190
4,34,224.6042,245.3844
4,114,118.3397,213.0572
4,161,234.5279,364.7055
4,45,83.9608,97.7684
4,519,12.0459,17.7640
4,60,114.9173,169.7623
4,157,36.8981,60.9623
4,88,200.2737,288.0590
4,6,40.5492,42.2106
4,128,336.2267,482.9557
4,95,25.3812,36.0797
4,17,634.7178,817.0666
4,20,220.8826,388.8013
4,27,406.2226,546.4658
4,155,376.7599,384.7311
4,64,65.9985,123.5643
4,58,34.3029,42.1656
4,8,108.2101,171.1590
4,583,495.1376,609.8622
4,11,29.6396,40.0369
4,529,32.5476,57.9957
4,44,208.5349,365.6260
4,14,38.5035,54.4367
4,7,97.7588,112.9588
4,10,530.1881,870.6112
4,38,599.2006,1089.6030
4,12,336.5135,391.5908
4,18,182.7179,305.9435
4,109,275.8987,429.0308
4,137,402.7919,718.7981
4,113,18.0947,31.6269
4,62,129.4370,189.2004
4,70,10.2281,14.1221
4,66,364.4302,557.9342
4,24,135.4058,227.7366
4,125,205.7708,248.7624
4,151,324.4772,490.8118
4,133,186.1166,277.5641
4,23,675.7017,1308.4460
4,158,353.8004,639.7724
4,228,32.0540,60.2098
4,141,221.5644,423.1737
4,406,449.1589,523.9352
4,3,179.3642,327.1560
4,134,372.1487,381.5942
4,106,457.5631,691.7956
4,39,337.4985,569.1827
4,92,115.1291,218.3124
4,103,286.3492,458.8625
4,61,176.5210,282.9080
4,119,173.0567,280.6501
4,159,445.4381,569.0120
4,167,140.8767,144.1317
4,276,196.8004,340.5060
4,33,107.1610,133.6981
4,139,424.7399,631.2836
4,110,36.6455,64.5354
4,98,262.3478,503.9907
4,72,69.6427,88.0365
4,112,52.1325,74.1867
4,162,114.9205,185.0554
4,156,177.0672,347.7717
4,71,255.5804,352.5034
4,40,446.3349,643.6038
4,59,180.2939,297.2226
4,971,271.1791,450.1044
4,91,90.9685,123.7749
4,87,74.8627,94.0117
4,105,281.3013,431.0465
4,730,148.8430,160.1155
4,43,242.2971,298.8677
4,822,50.2422,59.6968
4,127,119.9008,128.8604
4,1,28.5452,32.0651
4,79,43.7235,65.1063
4,104,133.2952,171.7551
4,85,627.7755,935.7810
4,19,76.2869,104.6274
4,942,138.9461,171.5206
4,725,477.7920,632.9953
4,411,224.5348,278.0152
4,606,20.4310,32.5664
4,478,314.8095,326.6996
4,302,99.8215,169.4519
4,107,147.5251,251.2688
4,74,274.1679,316.3314
4,41,338.2479,526.0462
4,153,82.0452,146.4155
4,594,692.2114,745.9209
4,136,181.9132,196.1568
4,537,219.7197,271.4707
4,706,507.4506,591.5160
4,581,340.8565,354.8317
4,788,488.2916,548.3958
4,831,113.0518,220.4359
4,893,186.6068,294.4145
4,35,16.3688,16.6977
4,222,244.9694,371.9431
4,9,102.0943,174.6330
4,69,98.4167,189.3296
4,289,59.2010,92.9520
4,499,35.1064,46.7358
4,344,51.3359,56.0480
4,81,32.8732,35.6788
4,142,132.4896,240.6048
4,67,81.8725,125.2764
4,118,252.5834,386.0176
4,90,62.8665,86.9639
4,47,263.0024,378.7027
4,520,164.3496,269.6908
4,173,304.4854,310.2042
4,671,51.5021,94.7850
4,199,283.3213,324.3596
4,48,22.4482,33.2450
4,22,646.5517,749.4741
4,731,619.2327,908.8359
4,21,81.2935,106.5483
4,175,85.8777,160.5357
4,702,86.6461,145.4371
4,80,30.7554,36.4108
4,834,59.8713,109.4617
4,121,292.8914,538.3276
4,300,39.9368,60.2561
4,717,331.8073,648.5591
4,83,26.6647,53.3008
4,373,36.3583,45.9890
4,498,30.4147,47.0707
4,987,216.3157,312.3210
4,337,101.8020,159.7575
4,77,242.5285,404.2815
4,677,91.1411,152.3949
4,84,272.8115,468.6099
4,667,66.0977,113.2595
4,200,146.7412,180.0550
4,65,110.7507,154.0894
4,146,105.7336,207.3602
4,32,605.7085,1151.8103
4,791,88.9472,162.0171
4,912,340.5486,457.7223
4,100,225.2936,436.1660
4,623,457.0519,594.4189
4,260,91.7010,112.8466
4,46,477.0743,687.1185
4,569,398.9781,619.8667
4,693,251.8791,366.3010
4,356,458.7582,483.3843
4,89,168.8516,330.1178
4,94,176.1658,341.0324
4,328,55.2138,106.7393
4,2,118.8198,227.6451
4,126,31.2938,44.1807
4,265,45.3011,51.6807
4,944,60.4581,68.8461
5,183,13.3493,14.1015
5,82,186.1326,302.3272
5,72,317.6727,347.4051
5,107,466.7091,576.1906
5,12,220.7395,282.4181
5,117,10.6894,11.7359
5,68,117.0739,171.0712
5,57,468.9635,855.3012
5,109,29.1888,48.8929
5,237,28.3563,48.1437
5,191,46.8227,89.1620
5,25,30.6243,44.6296
5,52,341.7847,618.6300
5,158,327.3178,563.0083
5,201,569.3874,1049.7531
5,227,166.7253,282.0227
5,137,479.6308,629.9349
5,108,57.7784,104.2569
5,51,67.6960,72.0873
5,224,105.1501,117.0802
5,85,164.8470,293.8765
5,171,26.6771,42.7193
5,161,307.5570,335.5740
5,113,161.6678,210.1622
5,11,120.4182,142.1109
5,128,12.2672,24.2648
5,53,56.9595,86.7605
5,91,260.3444,452.0595
5,217,265.4190,304.6850
5,63,478.9884,697.2329
5,182,31.6503,32.0098
5,98,50.5623,99.5919
5,94,12.5430,19.2039
5,186,383.0990,587.2647
5,261,296.1539,452.0899
5,151,60.1650,100.3245
5,22,131.3989,231.6636
5,141,25.6770,37.0514
5,207,180.1396,214.5670
5,236,45.1033,79.3977
5,148,33.0526,45.5773
5,58,89.9701,97.4422
5,226,11.6633,12.1247
5,80,108.1839,196.5311
5,84,100.6399,198.2755
5,120,148.8821,169.7550
5,135,81.9024,114.5518
5,15,237.0618,402.6036
5,114,640.3574,967.4233
5,901,57.5545,61.6105
5,175,173.3780,178.0347
5,97,97.6911,125.0660
5,164,443.6354,550.3030
5,253,119.5115,128.2660
5,192,15.8604,27.0605
5,4,271.6674,355.2301
5,132,20.2922,32.9016
5,194,349.6282,414.0723
5,214,253.1681,392.9692
5,26,144.6696,284.6001
5,28,165.2105,192.0986
5,375,251.3616,298.7841
5,220,31.9356,34.9432
5,86,128.7354,220.9827
5,851,481.5416,798.7954
5,208,234.8849,248.0662
5,49,19.6559,34.7887
5,228,100.2910,107.9955
5,139,62.1449,85.2171
5,202,139.4289,215.2238
5,102,267.9519,442.8962
5,21,31.3227,37.2240
5,198,109.4173,146.9577
5,459,61.6445,88.4578
5,95,29.2232,42.6383
5,99,353.3558,386.7606
5,776,17.3989,23.4067
5,206,437.9422,600.8590
5,989,11.6475,22.8988
5,159,305.1879,590.3078
5,134,239.8762,245.9199
5,30,129.6824,251.1036
5,106,24.2113,26.2584
5,3,685.9798,1069.0024
5,17,601.4180,652.0554
5,116,281.2343,435.6706
5,233,56.0429,76.2227
5,103,291.0503,472.3257
5,115,44.3499,56.0874
5,648,108.1238,152.3468
5,100,54.0298,69.5608
5,50,16.2646,24.6657
5,212,348.7245,610.9756
5,105,39.3522,50.4000
5,894,449.2494,708.1145
5,2,14.0515,20.5394
5,126,349.7111,452.4214
5,19,13.5085,26.3823
5,983,157.8473,161.2151
5,104,28.5581,44.0535
5,138,181.5480,188.9245
5,406,518.8639,909.9342
5,71,195.7114,275.8282
5,33,66.1499,111.3127
5,131,61.6965,111.8282
5,427,242.4034,469.8611
5,170,632.5739,1185.0269
5,46,506.7486,744.7230
5,222,376.3689,560.3329
5,36,112.8479,161.8286
5,734,146.4547,248.0365
5,200,190.6924,255.2612
5,210,375.6040,649.8090
5,185,56.6621,95.0827
5,690,109.1249,205.1945
5,424,93.6379,112.7376
5,234,75.1293,140.7360
5,378,260.6213,290.8292
5,27,186.9257,265.9844
5,92,143.9882,160.1499
5,739,136.9694,208.0744
5,732,91.2751,158.8972
5,628,41.7645,73.2488
5,152,36.8610,42.1931
5,860,210.0181,280.0875
5,955,91.0307,165.5764
5,177,96.7516,173.8113
5,74,168.1413,176.3305
5,715,218.2490,252.1302
5,637,59.7220,110.8925
5,229,101.8517,135.7070
5,13,272.4192,341.0252
5,96,269.6365,497.1864
5,246,411.8985,574.5471
5,130,641.8670,744.7332
5,591,381.4062,671.8191
5,705,544.6922,742.9136
5,598,334.3239,472.5952
5,59,752.0370,797.1057
5,812,103.6880,119.4939
5,32,35.3578,48.6987
5,48,166.1026,317.1704
5,937,309.4574,445.4402
5,149,18.7468,27.5352
5,160,303.0942,443.7847
5,154,226.2216,448.2108
5,43,137.3579,259.2491
5,741,85.8014,125.5698
5,704,213.1741,322.0795
5,124,134.9355,241.9604
5,178,640.7426,1160.6612
5,77,405.7167,452.4171
5,769,400.2415,595.7091
5,944,16.1834,26.9251
5,88,16.1818,19.3480
5,65,270.5734,271.6003
5,910,139.6552,274.8979
5,855,47.1171,54.1459
5,848,278.6375,407.1613
5,143,273.7750,486.0154
5,457,76.1562,113.6001
5,204,71.1362,111.2713
5,672,351.7200,465.3556
5,157,79.1163,156.2279
5,199,254.8862,416.3161
5,580,142.6018,258.8813
5,112,409.9699,652.7068
5,867,412.1974,720.7158
5,518,37.3383,58.3408
5,643,237.9585,294.4080
5,256,393.7954,713.6532
5,503,257.5665,493.3174
5,45,415.2539,746.0055
5,991,381.9974,556.1037
5,193,310.5130,404.6099
5,218,96.3121,150.9533
5,211,63.4477,81.8579
5,56,293.0521,575.3090
5,219,656.9582,896.1955
5,123,458.2463,837.1202
5,6,267.9321,400.3784
5,142,523.7565,996.2141
5,16,56.8406,102.3563
5,993,36.2993,42.1304
5,180,21.5352,37.3606
5,179,501.4584,644.6650
5,69,498.5550,544.2324
5,70,90.9695,134.2933
5,675,500.2481,984.0290
5,689,48.4005,87.7867
5,710,486.2810,666.6664
5,203,396.5313,603.2860
5,270,499.2664,603.4873
5,629,23.6145,46.7061
5,849,202.8401,270.9955
5,793,431.9757,659.6012
5,127,214.6592,338.1772
5,393,26.8739,41.2808
5,101,156.8155,293.1367
5,639,177.1850,272.8475
5,24,147.6144,231.7532
5,787,255.3433,369.7602
5,965,579.0830,906.2598
5,174,349.1890,570.3420
5,488,67.5240,73.5844
5,465,42.5727,76.0008
5,374,241.1311,310.2130
5,425,67.3958,115.0413
5,10,226.3689,439.3974
5,997,345.4186,415.3342
5,733,389.6649,392.0414
5,784,12.2963,13.4231
5,455,244.6863,343.4628
5,538,342.3335,390.1253
5,642,376.4943,626.9463
5,5,356.9142,390.0043
5,735,462.2009,485.9461
5,14,486.8539,633.2531
5,298,57.2602,65.7071
5,587,130.2981,200.3179
5,779,17.9311,24.8500
5,290,208.8667,295.7407
5,969,33.2452,35.5480
5,87,327.1911,601.2427
5,81,93.7678,116.0381
5,721,133.8658,156.8268
5,413,109.5503,114.0941
5,509,391.6822,689.6317
5,250,121.9510,162.0548
5,78,26.5296,26.6811
5,136,126.3167,165.3787
5,54,609.6344,1138.5814
5,986,374.6076,529.3813
5,606,251.3311,438.9932
5,18,74.4080,127.2399
5,624,248.8846,347.9666
5,189,150.7240,213.6083
5,223,677.7645,1153.5864
6,15,25.0134,39.2552
6,13,21.6123,40.3903
6,837,365.3921,598.0288
6,10,281.7007,386.7441
6,19,470.0625,738.5601
6,6,304.4522,553.9436
6,14,125.6751,179.9067
6,12,81.0067,154.2876
6,701,480.4848,620.0921
6,9,180.7478,317.2912
6,7,237.4863,370.6489
6,11,208.3721,295.5373
6,84,39.7003,59.9718
6,8,116.9512,204.6517
6,826,18.7467,19.7178
6,581,23.8653,43.1297
6,114,42.9484,49.9509
6,815,370.3171,662.9439
6,5,109.3927,204.2855
6,31,74.4253,138.9113
6,2,127.6706,138.6792
7,71,213.0180,280.7791
7,39,11.0599,21.0765
7,461,66.2003,98.2072
7,87,449.4045,761.6750
7,60,14.4213,21.5040
7,110,116.6380,166.1074
7,2,37.8367,67.6745
7,125,81.1546,83.4516
7,73,218.9356,234.5927
7,67,240.3442,424.2004
7,47,227.4267,374.1087
7,95,313.7868,448.2227
7,25,284.3813,514.8402
7,10,44.9831,88.1988
7,19,206.0902,401.8908
7,92,71.1819,137.9658
7,7,223.7922,388.6916
7,70,106.2311,188.6036
7,36,37.7467,45.9557
7,62,299.4557,440.7907
7,54,449.2058,683.5369
7,93,287.4042,428.8459
7,26,258.5922,414.7009
7,474,27.7006,55.3844
7,69,216.5557,347.8651
7,128,433.8894,524.0103
7,542,619.7880,927.4905
7,66,102.8602,185.3434
7,766,42.7516,53.3845
7,94,130.0648,200.5734
7,677,189.2240,339.1978
7,21,167.4585,327.0196
7,122,209.9581,305.6585
7,1,16.9069,27.5739
7,114,336.7919,616.5860
7,38,216.5057,417.7606
7,42,541.5468,684.0986
7,120,24.8839,35.0068
7,96,455.2926,766.5449
7,101,15.1353,19.3486
7,733,683.1828,744.3617
7,102,321.0353,519.3677
7,119,162.9506,300.4534
7,49,64.1082,113.8805
7,116,134.1430,173.9649
7,15,113.5062,119.0684
7,40,77.1765,150.2851
7,8,213.3423,302.9237
7,551,291.4736,536.3141
7,75,38.2619,62.9577
7,897,143.4246,193.1705
7,445,654.1873,1199.2830
7,111,679.9772,1167.7975
7,98,17.6632,25.7922
7,53,50.2299,91.2632
7,104,113.8641,122.6065
7,113,69.0974,70.6869
7,968,15.3002,15.3469
7,37,176.2226,343.7334
7,80,18.4482,21.7190
7,81,272.5894,390.9491
7,112,288.8098,519.7027
7,13,70.9911,140.2034
7,989,42.1376,70.3669
7,108,559.6986,867.6209
7,115,555.4721,952.2747
7,806,238.3275,428.0606
7,109,334.9242,390.5662
7,74,516.3485,520.8067
7,679,44.2015,50.6543
7,6,61.6632,70.8342
7,58,203.2619,391.7135
7,61,74.1629,78.2821
7,596,70.0679,94.4579
7,84,129.6776,133.0852
7,344,440.9199,633.8562
7,20,343.9542,673.6258
7,640,222.6456,399.5074
7,99,229.8976,315.9923
7,28,587.8623,797.7905
7,51,39.6382,65.9475
7,52,30.4519,45.5370
7,978,67.3402,118.8260
7,97,49.3110,98.3237
7,265,63.1340,105.5742
7,177,578.9386,701.8502
7,254,39.6550,45.8932
7,124,186.5453,344.9487
7,764,389.0916,569.2813
7,662,376.1269,387.3365
7,656,47.6736,48.3415
7,603,183.2688,303.1999
7,56,241.0773,273.1058
7,91,300.4431,583.2101
7,962,523.3029,534.5315
7,45,88.4830,127.6983
7,31,10.6434,20.4068
7,79,549.0778,854.4890
7,873,37.5586,58.3731
7,710,208.5070,268.4278
7,24,46.7360,47.3404
7,721,482.4427,574.5288
7,33,405.5351,470.5948
7,78,39.8564,73.0066
7,644,377.4692,684.7076
7,35,64.4806,123.9205
7,123,287.9904,511.5187
7,446,690.8938,864.1132
7,130,15.8956,28.6257
7,979,454.9798,736.1506
7,157,261.1304,431.1994
7,231,407.4646,783.8850
7,364,183.4586,274.1001
7,46,66.8525,81.6186
7,55,41.2648,76.8354
7,30,110.4812,189.0083
7,380,162.1570,315.2245
7,645,70.3867,85.0514
7,64,169.9221,262.5543
7,515,441.3482,832.6077
7,424,202.7368,301.2252
7,735,69.2463,120.0219
7,485,36.1795,62.7371
7,147,195.1973,281.6258
7,17,365.1359,413.5066
7,18,245.8091,309.1024
7,117,374.0352,700.8600
7,447,151.9023,195.8658
7,869,116.1351,123.7195
7,465,54.7989,75.3829
7,229,51.5632,100.0284
7,103,121.7817,200.7811
7,316,10.1644,15.0265
7,747,34.0243,61.3831
7,88,251.1364,283.2958
8,39,154.0853,164.3523
8,19,26.7987,37.9306
8,53,31.9869,55.7178
8,16,177.6816,280.4619
8,38,232.6530,441.5211
8,34,369.2226,638.6665
8,43,166.9099,274.5428
8,51,150.6747,268.4964
8,55,41.1077,74.9638
8,48,475.3321,636.5225
8,18,164.2033,168.3459
8,25,212.9763,282.7033
8,7,190.9672,236.9680
8,45,126.7794,253.3736
8,504,222.0454,422.8042
8,23,101.8368,176.4414
8,13,92.1986,138.2133
8,709,18.2340,23.6834
8,32,290.8650,467.4798
8,15,14.3234,15.4415
8,28,431.7068,432.7856
8,54,346.4537,427.9925
8,363,319.3847,458.3097
8,50,334.2047,432.0060
8,11,215.4811,393.9665
8,37,409.1476,676.2155
8,658,375.0633,572.2935
8,12,75.6031,138.0570
8,804,288.8946,367.9464
8,592,177.9830,239.6044
8,612,472.2662,615.9198
8,314,37.5428,64.1708
8,832,129.1874,174.3715
8,111,387.6292,451.4609
8,302,80.6326,160.5412
8,33,244.0203,471.0489
8,47,337.4572,642.9007
8,9,21.3213,35.1089
8,598,178.3996,205.1208
8,131,47.5932,77.4356
8,380,570.9430,1113.4677
8,29,111.4558,146.3753
8,26,152.8456,260.4433
8,752,79.3030,157.5535
8,927,16.8837,22.1038
8,121,42.2820,82.5929
8,615,10.3909,19.8484
8,842,28.1686,55.7347
8,31,246.5629,253.3919
8,391,239.9576,240.5895
8,4,26.1024,49.3639
8,8,116.0448,124.3020
8,740,590.5263,975.8520
8,697,95.4059,168.5648
8,40,83.5046,85.7127
8,214,340.3264,355.9432
9,80,288.0331,330.9120
9,78,403.5780,600.3104
9,92,101.5446,137.4589
9,68,21.8817,27.0943
9,93,134.8184,234.8904
9,35,23.5406,36.3988
9,17,616.6195,1219.7647
9,59,186.7671,284.9340
9,61,213.9650,336.4736
9,100,51.6926,59.8811
9,25,117.8146,127.3575
9,1,170.0475,248.0556
9,97,107.6280,153.0726
9,105,35.1725,58.2689
9,27,222.7320,418.7088
9,65,23.1529,44.6248
9,230,541.3726,966.7597
9,306,25.4926,37.9411
9,54,59.2033,64.4285
9,57,218.1323,312.0880
9,8,110.1016,199.8382
9,58,161.6848,269.7941
9,34,426.5618,507.0525
9,229,163.5780,192.5081
9,84,333.4674,557.8864
9,38,19.1446,24.1060
9,53,636.9042,753.8093
9,726,101.3053,118.9229
9,733,35.1282,59.2476
9,55,26.7473,32.9473
9,335,738.0134,942.6127
9,91,583.2708,1024.6128
9,20,410.8454,706.7261
9,18,165.0894,173.5738
9,51,282.6209,325.5657
9,101,306.3402,422.7084
9,32,158.9851,172.9363
9,10,49.3005,76.7052
9,13,305.1811,392.0890
9,60,65.2950,91.3565
9,969,24.2828,34.3885
9,22,11.8506,18.1697
9,36,250.1689,270.1444
9,74,214.7885,333.9280
9,312,304.8663,507.2932
9,11,36.4449,58.2372
9,83,105.9699,158.2122
9,103,49.3679,93.6596
9,566,587.2570,638.1130
9,339,214.9425,225.7241
9,3,41.3142,70.5760
9,15,12.8217,19.7496
9,88,340.2434,444.1563
9,739,119.8113,214.9309
9,262,20.1392,38.3054
9,182,121.4875,193.1324
9,63,252.4332,278.1605
9,29,19.1210,21.3994
9,30,37.5569,48.4757
9,489,261.4000,294.8476
9,50,365.9031,368.3970
9,473,126.4248,163.3903
9,967,53.0672,98.6891
9,107,283.4463,400.4348
9,69,343.0163,398.5846
9,852,477.2015,504.8273
9,79,225.2792,372.3761
9,72,64.7726,111.1902
9,5,260.6535,480.0132
9,45,55.0013,108.7232
9,96,85.9871,163.3960
9,75,32.0435,62.8924
9,765,70.0838,91.3928
9,809,266.1360,376.6455
9,48,150.5706,250.2903
9,978,119.8842,232.9654
9,776,115.2186,152.1508
9,56,42.3841,74.8857
9,362,509.1944,1006.8622
9,62,651.3172,746.5653
9,44,289.8014,346.6352
9,4,488.9542,794.2717
9,24,15.2777,29.6474
9,127,147.1246,221.4783
9,947,81.1541,110.5973
9,753,43.1586,77.0379
9,374,40.2817,44.0158
9,87,283.4120,480.8282
9,542,123.0694,207.7238
9,624,78.7832,120.9229
9,2,55.0368,75.2151
9,399,37.7503,63.4512
9,47,207.8116,400.5864
9,249,58.5940,112.2458
9,822,128.6305,206.5823
9,313,26.3529,41.0567
9,41,17.7291,29.8136
9,26,121.0449,191.7219
9,154,156.7379,211.7699
9,137,75.5155,126.8856
9,43,223.0337,353.1562
9,76,773.8755,1449.8774
9,85,26.9058,28.3373
9,64,215.2962,372.5576
9,66,156.4210,267.0118
9,73,408.6909,461.1351
9,39,445.8033,617.6936
9,33,90.9976,152.0848
10,7,139.4703,216.0119
10,5,253.2312,318.3347
10,4,247.3171,471.4996
10,10,42.7667,72.7416
10,6,277.0275,476.9384
10,2,352.8943,602.4272
10,947,136.8837,213.9879
10,716,14.5300,28.1798
10,489,30.9376,58.5961
10,9,119.8424,120.4413
10,221,76.2125,124.9979
11,117,427.3348,833.1650
11,81,534.2945,855.3297
11,143,113.3160,165.2392
11,112,109.1756,183.6342
11,80,483.2627,669.5505
11,36,103.1967,199.1855
11,147,80.8812,133.8659
11,64,332.2508,578.8681
11,105,651.2972,1159.2796
11,12,222.6244,285.5884
11,118,251.6981,471.0677
11,72,267.3109,397.6603
11,145,364.4146,522.6938
11,100,109.8052,137.3173
11,93,58.4143,79.3508
11,163,71.2300,96.6207
11,76,504.1544,876.7672
11,160,195.1961,386.8797
11,333,189.4381,208.2087
11,66,201.9195,266.9152
11,802,476.7719,660.6336
11,26,140.4334,227.9442
11,39,128.0481,151.0811
11,56,203.9552,404.5413
11,692,34.6780,53.6825
11,82,610.9648,618.2711
11,43,78.1129,89.9445
11,205,28.1519,49.0022
11,91,226.4217,239.9332
11,98,125.5146,165.2344
11,23,129.8758,161.3710
11,334,71.0390,139.5194
11,139,204.7673,341.1696
11,54,641.2677,880.8966
11,153,197.8355,291.1506
11,13,112.0967,128.1663
11,821,81.2379,111.0175
11,19,60.1370,74.0630
11,58,121.3700,214.7590
11,42,104.1438,107.8788
11,32,234.3612,414.7533
11,214,334.0838,563.2632
11,116,10.8177,19.9563
11,10,78.2626,86.0221
11,71,183.4113,322.0366
11,102,482.0783,726.5660
11,74,83.2824,147.4882
11,103,304.6483,548.6876
11,883,58.8504,80.8391
11,87,318.1225,540.2968
11,436,248.0653,344.0161
11,47,211.1889,352.7507
11,142,53.2236,68.1287
11,101,491.2410,620.2237
11,109,110.4953,208.8864
11,33,30.8446,43.4588
11,30,205.6168,354.7942
11,154,581.1196,614.4901
11,156,108.6251,189.9836
11,8,272.0880,373.6678
11,159,564.0039,973.4773
11,288,23.9282,26.5859
11,149,44.8830,81.1457
11,402,132.1453,261.3619
11,17,174.7660,339.8846
11,158,196.7384,240.5369
11,115,153.0446,231.6454
11,533,35.3389,40.5640
11,37,115.7949,145.1132
11,152,119.4234,192.8020
11,5,300.0649,374.9272
11,859,40.4076,43.2332
11,172,557.9707,1052.3425
11,6,342.1997,551.0940
11,803,145.3343,267.1918
11,11,117.7774,139.3101
11,170,64.3484,77.9346
11,4,61.2054,116.0108
11,614,290.3278,455.5433
11,322,404.2853,758.8867
11,141,55.0821,67.8282
11,320,153.3752,260.1884
11,2,429.1374,690.0950
11,867,115.2007,127.6329
11,59,55.7277,83.9054
11,990,513.7308,1006.9172
11,581,182.1857,346.9067
11,463,213.7322,377.0387
11,404,311.8728,463.9445
11,53,81.6226,82.1276
11,493,30.5693,37.1240
11,545,199.2366,298.8509
11,470,73.3664,75.5018
11,94,84.9217,169.2343
11,135,179.3979,282.5274
11,429,63.6189,92.6687
11,126,18.2885,33.7697
11,818,582.2049,687.2241
11,60,178.0601,259.1489
11,24,331.0083,428.3413
11,44,627.1604,860.6081
11,97,112.0839,177.7527
11,88,56.8241,90.8899
11,236,89.3877,116.5443
11,496,103.9292,147.0070
11,46,180.0704,302.7107
11,70,348.6788,472.0386
11,133,45.7093,55.9444
11,553,468.5138,831.0246
11,387,92.2940,169.6831
11,952,260.6687,330.8301
11,79,437.8336,441.6282
11,443,329.7024,488.9315
11,138,537.6105,730.4707
11,106,29.0044,50.4965
11,930,158.8279,175.6484
11,380,590.7585,685.6636
11,168,99.4035,160.0805
11,132,20.1341,30.2382
11,314,98.9832,125.3176
11,157,284.4414,535.6622
11,28,138.4296,235.7125
11,488,13.9885,24.2533
11,61,48.7656,58.8628
11,282,111.7783,137.3712
11,673,29.5407,48.7210
11,169,125.2331,143.9754
11,612,473.2142,708.7199
11,144,394.4978,681.3228
11,124,95.7021,172.0803
11,336,86.0695,88.8442
11,85,375.3719,440.8870
11,767,203.4221,303.5497
11,104,552.6761,639.1249
11,121,198.8773,349.8358
11,225,548.8805,804.6098
11,317,388.2251,766.5352
11,319,170.3472,247.0103
11,151,88.2526,152.7242
11,96,12.3397,13.7626
11,3,728.3250,1435.7884
11,22,133.9570,264.9632
11,746,504.5740,862.4031
11,823,213.4650,356.0941
11,517,159.9669,260.5503
11,146,81.1805,100.3379
11,21,14.2207,25.5350
11,31,444.9811,643.8874
11,111,146.7480,213.9140
11,973,238.4066,449.9703
11,625,362.0422,463.9154
11,972,365.9787,515.7700
11,51,86.4591,142.5666
11,363,74.8694,146.0446
11,909,272.6208,395.3021
11,184,26.3560,51.7607
11,108,29.2524,37.6625
11,610,200.2860,349.9264
11,212,126.0097,130.7614
11,20,16.0520,29.4435
11,65,65.8709,123.3396
11,872,542.8609,983.5377
11,171,117.5070,160.0477
11,86,537.8503,669.9965
11,127,384.4539,561.7688
11,249,25.0150,35.2333
11,162,584.8426,750.0616
11,552,74.4720,142.3766
11,73,274.8679,409.8935
11,83,590.8551,662.7403
11,568,143.5740,234.1671
12,8,189.6815,197.5028
12,30,144.0990,184.7968
12,17,223.6862,413.4537
12,29,10.7107,18.4687
12,20,50.5286,80.5553
12,13,23.0177,28.8741
12,662,579.7319,1035.0117
12,28,154.0041,276.5703
12,16,73.4008,110.9163
12,14,190.4581,218.9079
12,861,29.8331,29.9503
12,25,69.7743,135.4835
12,27,31.0479,53.0865
12,60,10.2247,19.6857
12,362,257.1962,438.7364
12,528,60.4100,97.3084
12,115,637.1167,1187.3645
12,763,182.7578,252.3940
12,32,525.2263,636.3817
12,39,201.4947,218.8312
12,346,88.0177,132.0262
12,1,230.6321,348.6322
12,5,21.8106,41.3297
12,7,59.1551,108.0360
12,876,74.0133,110.4541
12,3,407.7052,786.5242
12,11,115.3991,218.0964
12,21,24.2146,24.7704
12,263,186.1783,267.3474
12,26,224.9106,281.5971
12,104,32.4712,53.9475
12,88,13.4561,26.4837
12,647,155.9687,220.4089
13,121,401.4295,615.4472
13,131,33.8963,63.2620
13,184,186.6848,332.0853
13,42,38.2194,64.1078
13,191,71.8886,120.1050
13,78,475.8846,677.4879
13,24,370.5612,405.1631
13,28,165.3654,169.5613
13,197,547.2450,615.4618
13,164,17.5640,22.9792
13,9,85.1904,144.2924
13,210,217.1875,368.5123
13,188,271.5238,413.3121
13,196,296.9690,517.5929
13,206,112.2276,196.2910
13,966,301.5174,440.1852
13,43,300.6840,477.6027
13,201,659.5926,1061.9311
13,626,472.7863,476.5069
13,90,46.7409,85.0254
13,702,509.6663,559.5428
13,40,39.3304,45.2887
13,101,425.0876,567.5117
13,16,405.6129,500.4712
13,167,154.9596,171.7511
13,199,371.8180,710.9958
13,116,69.9998,137.5700
13,614,95.7300,168.9698
13,6,339.2092,374.8397
13,139,64.5427,116.2115
13,315,400.5682,620.3577
13,62,547.1598,895.2769
13,72,392.3654,495.3422
13,36,56.1919,65.9149
13,15,619.2814,734.5924
13,129,156.8257,185.1885
13,66,457.8628,805.6092
13,145,171.9406,282.3580
13,29,59.2424,70.1149
13,54,110.8796,141.7216
13,232,15.0874,21.7783
13,106,65.9459,92.3932
13,585,153.0419,247.0607
13,172,162.6734,241.8598
13,50,534.8949,542.6542
13,539,33.3013,37.4153
13,14,197.7470,378.8520
13,107,324.2199,646.7910
13,79,103.4047,179.6534
13,171,503.6626,684.2029
13,160,172.4043,198.9521
13,111,53.6434,88.1921
13,163,163.9153,209.5425
13,37,180.4745,289.6258
13,379,534.5193,807.7914
13,3,68.5743,122.6366
13,439,204.3252,357.4466
13,867,127.4332,152.1299
13,68,398.6828,637.4767
13,245,31.5717,62.7894
13,89,70.9137,139.4907
13,119,137.5054,274.0933
13,203,511.8104,582.3339
13,19,279.7381,517.4603
13,113,14.7058,28.0131
13,148,41.2437,44.9436
13,86,43.1483,76.8092
13,753,200.6902,382.5746
13,366,232.9792,391.4904
13,386,705.9098,886.7214
13,454,77.5233,120.0788
13,147,407.7739,805.2294
13,26,74.0297,100.5374
13,63,16.6812,24.7294
13,650,170.3997,269.5232
13,231,237.7028,262.3948
13,855,246.5001,470.6343
13,175,470.5887,769.3892
13,48,482.1336,523.7543
13,18,62.9254,109.8871
13,135,13.7505,20.6791
13,123,140.4413,188.8931
13,189,21.3567,33.8812
13,159,271.9237,387.2259
13,144,213.9968,290.9922
13,98,270.5574,370.1761
13,69,675.6784,1056.9730
13,986,39.1594,62.4305
13,989,86.9862,150.6597
13,27,81.6621,157.6597
13,484,23.1822,34.4094
13,76,276.7158,425.4225
13,255,24.3954,35.5694
13,194,628.9624,937.1159
13,104,12.6202,13.4319
13,198,144.5366,203.5248
13,118,219.5889,427.8674
13,81,231.9524,355.2769
13,168,38.4527,40.5841
13,75,44.4283,54.5498
13,95,370.2879,487.6074
13,531,110.8093,214.7987
13,654,592.7361,1002.7009
13,584,65.9175,118.7057
13,398,196.1472,375.5608
13,102,294.5094,535.2955
13,738,110.3330,188.9758
13,421,29.7508,51.1659
13,308,10.7329,18.7072
13,11,60.3588,93.6915
13,155,43.1293,78.8643
13,828,94.8526,185.0941
13,177,126.3957,235.6090
13,200,333.0604,356.6438
13,31,18.9145,37.5585
13,185,234.7245,281.2496
13,67,313.0432,384.5005
13,99,424.9584,537.7172
13,195,423.9133,439.3362
13,32,581.6001,754.9321
13,137,106.7823,123.8620
13,94,371.1257,459.2038
13,190,352.7300,362.0064
13,749,210.0801,221.9092
13,510,120.0233,206.8147
13,77,69.2564,110.7214
13,128,323.9630,568.0679
13,202,229.7707,307.6000
13,141,400.0351,701.6593
13,162,263.9496,351.5079
13,112,213.3393,392.6397
13,336,743.0956,1328.7696
13,92,325.5106,626.2352
13,178,240.7083,444.2271
13,208,77.9474,79.6378
13,53,346.4971,488.9773
13,125,59.2849,95.4019
13,157,35.9374,50.0033
13,760,481.6445,692.5679
13,55,453.1708,512.6695
13,850,15.8082,28.9086
13,97,565.0900,1029.2341
13,822,90.6356,110.4241
13,176,164.0734,286.1055
13,170,87.4821,147.9746
13,761,12.1282,19.0550
13,87,397.3524,744.9939
13,890,346.0743,550.2699
13,211,418.3671,704.1243
13,923,192.6561,231.7117
13,542,398.1258,668.4298
13,110,182.3201,355.9529
13,244,592.3978,1120.2437
13,821,168.8101,328.8506
13,173,373.7868,739.0606
13,138,609.4549,695.0290
13,180,307.1185,309.3714
13,329,25.8243,29.2246
13,827,343.8685,389.3519
13,411,276.1388,307.5957
13,775,711.8026,1145.1460
13,71,102.0809,174.7874
13,967,640.4075,986.7608
13,384,127.8382,240.7852
13,153,75.9204,141.3596
13,117,109.9284,130.9374
13,207,384.6477,507.8191
13,309,30.3564,41.4446
13,181,86.7732,144.9592
13,946,178.8545,208.2178
13,151,654.1407,785.6137
13,158,49.4336,53.3197
13,132,369.0935,706.1501
13,632,25.2951,33.1704
13,33,387.1510,599.8297
13,56,173.0022,264.6463
13,212,252.0390,298.4372
13,136,178.6905,281.6631
13,65,596.7691,724.9524
13,45,524.2200,570.0871
13,52,160.1241,314.9245
13,7,399.4158,498.9404
13,729,39.3716,64.7126
13,80,149.8810,238.0951
13,865,116.9179,188.0753
13,57,15.3932,23.7838
13,532,507.7929,647.1926
13,862,48.8420,95.2135
13,25,90.1958,152.2575
13,357,201.8964,237.6253
13,932,736.0515,1266.4557
13,258,46.2096,52.3495
13,352,351.8155,593.4211
13,491,54.5531,65.2375
13,64,57.4586,106.3031
13,20,473.1155,557.1286
13,597,113.3768,213.1289
13,612,413.0952,428.5661
13,945,21.8441,35.3405
13,768,35.9468,35.9949
13,39,108.8760,158.8685
13,469,93.1651,151.2121
13,893,15.8925,20.3900
13,174,61.0189,114.7201
13,834,348.1685,500.8362
13,997,181.8280,196.8224
13,638,43.4850,59.4167
13,154,168.8225,320.5461
13,142,23.8797,33.9675
13,246,35.2411,45.9322
13,108,268.1875,347.5639
13,192,144.3740,195.4972
14,23,28.9890,30.8923
14,5,21.3466,27.6206
14,31,120.4212,197.0075
14,82,70.3217,110.6665
14,47,400.9531,566.0632
14,4,461.2435,553.0015
14,71,135.6170,154.6271
14,3,297.8191,580.5250
14,1,268.0474,503.0235
14,17,54.1963,98.7277
14,38,108.5104,154.2500
14,34,389.4867,492.3487
14,722,10.3764,16.2439
14,97,177.4526,210.5634
14,54,54.7734,61.2186
14,93,134.3373,227.2605
14,79,254.2806,275.1517
14,405,453.7432,834.8163
14,918,253.4156,472.3990
14,2,160.9617,181.2286
14,32,124.6879,172.5408
14,7,341.0195,576.3338
14,65,192.9391,328.7677
14,48,257.9582,446.2181
14,58,19.6828,23.2655
14,99,162.9457,220.8119
14,74,339.5886,616.8014
14,667,277.7751,335.6255
14,80,233.8199,280.9569
14,39,252.1820,414.6433
14,37,395.2098,673.0142
14,13,37.0962,50.9935
14,70,249.8483,494.2363
14,163,562.9706,638.9682
14,67,78.1400,126.7068
14,94,699.3708,1394.1456
14,51,512.2798,545.7734
14,183,279.2733,429.4651
14,61,437.0191,722.0413
14,60,119.1778,171.8174
14,9,119.3181,235.2251
14,49,485.9945,777.0757
14,6,237.0629,249.2903
14,445,481.0160,822.2973
14,881,49.2746,56.8899
14,11,129.6502,154.2313
14,57,274.1201,406.4647
14,827,25.1072,45.8143
14,526,10.4012,11.1161
14,98,184.4886,268.8412
14,10,270.1302,312.3041
14,77,189.1121,368.7062
14,46,37.0180,71.6932
14,26,477.3893,616.4421
14,510,415.7438,689.0796
14,956,428.9120,514.3682
14,21,355.7644,644.9887
14,20,477.7342,791.5124
14,40,374.8970,526.8956
14,503,61.7534,84.7106
14,87,51.7380,69.5000
14,350,17.0630,24.6355
14,877,354.9455,592.6728
14,69,248.3924,252.9590
14,324,36.6126,47.2169
14,25,240.0401,479.6848
14,63,436.8624,595.7201
14,538,27.4011,49.1968
14,75,388.7421,519.7497
14,92,492.2665,612.2164
14,83,597.0398,599.0855
14,869,70.1755,90.1679
14,81,476.8679,838.2245
14,66,118.1781,159.7919
14,361,129.4007,237.3344
14,347,407.2077,734.1732
14,466,320.7204,590.6516
14,30,29.7173,51.7771
14,64,498.5879,888.0882
14,68,543.4435,948.0259
14,312,13.4436,14.9491
14,984,290.1438,325.5471
14,981,253.3152,365.3886
14,12,37.9314,38.6523
14,371,362.9559,621.3095
14,22,16.1537,21.9238
14,50,459.1332,623.1161
14,516,186.7518,343.4695
14,73,54.8302,106.0049
14,401,15.6703,22.6844
14,15,65.2500,97.1703
14,218,279.7824,384.1261
14,59,223.1106,417.8111
14,811,162.8439,302.8849
14,16,484.6050,523.1420
14,193,93.1508,173.9932
14,95,271.7690,403.7980
14,674,536.8927,775.5726
14,865,306.1998,515.3860
14,14,121.3617,183.6590
14,86,118.7379,155.0307
14,33,16.9764,23.5428
14,55,40.6475,55.2408
15,18,278.5523,545.6203
15,32,49.3003,81.4369
15,5,87.4190,159.3626
15,15,345.1941,398.0751
15,11,240.5220,423.3587
15,39,173.3796,284.2921
15,6,330.9362,430.9559
15,14,158.2550,308.6357
15,22,333.3745,463.2546
15,28,309.3174,378.9212
15,47,518.7694,631.4747
15,46,19.9964,30.9446
15,30,71.9456,81.3567
15,9,217.7462,403.1664
15,48,211.9504,256.6364
15,7,69.8021,131.1221
15,23,137.9032,206.8031
15,25,30.6885,45.9765
15,21,71.8243,137.2862
15,178,384.1124,535.0244
15,20,40.5010,77.2291
15,33,529.1043,724.8214
15,434,206.5317,269.2055
15,4,305.6065,568.0806
15,38,52.6801,80.3867
15,2,301.6966,549.4314
15,36,80.4823,122.2284
15,777,95.9551,174.4414
15,487,257.7677,466.2108
15,530,103.9148,166.0522
15,16,67.5624,67.6673
15,414,322.9385,394.7560
15,27,245.6845,281.4730
15,85,510.8709,547.8047
15,43,314.1386,531.7674
15,485,79.1500,93.8541
15,45,648.9059,1021.9706
15,218,254.7799,309.8878
15,102,67.7757,78.9180
15,17,195.5201,381.4605
15,341,647.8706,1205.0489
15,50,113.3306,143.3528
15,632,464.9018,775.3437
15,42,15.1138,22.4490
15,19,373.3994,418.6946
15,93,258.9444,403.3497
15,747,112.3023,150.6948
15,3,410.0304,783.8380
15,1,73.2178,81.7652
15,953,29.1868,38.4895
15,860,106.3772,198.3232
16,165,121.4459,140.9100
16,195,21.5537,30.9380
16,18,377.0917,616.1165
16,70,75.7803,131.9913
16,223,29.3185,41.1388
16,126,249.7038,291.6329
16,38,192.8260,269.8431
16,29,377.0389,479.4922
16,107,123.3742,130.0645
16,155,299.1445,593.7339
16,140,23.6176,37.4642
16,23,135.1738,200.3312
16,209,534.4821,1032.7724
16,27,180.2234,330.4757
16,30,10.2186,14.2852
16,113,38.4105,59.7509
16,160,99.9560,192.3540
16,111,14.4994,16.9263
16,112,44.5803,49.1201
16,196,53.1836,94.0706
16,3,44.5168,63.6799
16,939,143.5116,274.2284
16,132,396.5262,693.6298
16,19,209.8227,232.2107
16,117,391.1934,468.7938
16,114,33.6679,53.5475
16,188,36.9858,60.5764
16,85,20.8154,21.8220
16,56,134.3193,210.0215
16,214,572.3588,815.0921
16,50,28.2410,31.5445
16,141,139.8527,212.8441
16,84,267.4816,492.1788
16,135,259.7896,271.2596
16,175,551.9257,811.7359
16,21,166.6676,253.2865
16,137,207.6019,352.3243
16,913,105.0631,126.7737
16,989,51.6083,87.6907
16,2,35.2840,54.6584
16,358,303.5426,452.8495
16,161,247.9458,456.3215
16,10,45.9015,61.2895
16,210,155.1649,240.5861
16,26,504.4292,706.2864
16,105,513.7384,839.1422
16,581,82.6723,84.6592
16,201,149.7205,230.5326
16,12,146.5078,153.2464
16,238,594.4365,1051.3863
16,17,61.9737,121.3029
16,183,10.0999,17.3730
16,36,337.2991,472.9209
16,858,430.5267,812.4305
16,6,65.8955,93.6598
16,198,137.0297,255.6245
16,193,177.3313,279.2835
16,122,15.4569,28.2724
16,153,182.5586,269.7521
16,164,271.7862,294.9279
16,51,662.2978,1321.3876
16,390,109.6521,211.6532
16,955,72.1143,97.1648
16,62,489.0395,533.9627
16,233,199.7941,228.8026
16,156,260.9702,410.4975
16,125,10.4301,14.7019
16,312,346.4391,419.1084
16,228,177.8454,335.0077
16,98,331.3498,544.9711
16,83,50.5469,87.3838
16,69,65.9234,122.7420
16,753,52.9479,56.4629
16,158,204.5883,383.2662
16,169,266.1633,518.4719
16,147,58.0262,76.3361
16,168,158.2083,245.8957
16,99,130.9016,209.4189
16,844,86.4976,119.9310
16,133,292.3461,431.7882
16,80,97.2927,109.1688
16,33,214.5547,412.4864
16,8,52.5481,80.3685
16,31,45.8867,82.0529
16,224,302.5729,362.8641
16,110,123.7449,239.1692
16,463,301.8261,392.9393
16,54,259.8745,281.6832
16,162,98.4871,158.1554
16,138,452.8858,463.2758
16,186,32.5869,61.9437
16,996,48.3261,77.6191
16,574,84.8466,86.7190
16,577,361.1417,604.1701
16,221,453.1442,820.7414
16,76,175.9242,210.7241
16,182,73.3218,120.4533
16,42,107.9797,128.4361
16,7,194.2294,197.9240
16,134,434.6840,607.7115
16,724,16.9489,24.0125
16,79,96.8563,111.2733
16,61,164.9885,268.0869
16,130,275.4457,392.1897
16,355,99.9247,133.5652
16,388,55.1998,66.6009
16,216,266.2055,279.9134
16,721,129.9249,225.4823
16,346,108.3821,113.2289
16,925,169.9634,316.6695
16,225,343.9328,437.4426
16,157,29.8898,46.0470
16,75,12.6141,13.6718
16,226,661.2381,1185.8124
16,472,602.6659,1040.2819
16,39,21.7621,38.4206
16,52,97.7220,175.9091
16,239,194.9275,236.3343
16,67,141.7390,234.3010
16,710,89.4006,134.0381
16,706,102.1987,129.4363
16,215,75.0293,129.3277
16,119,314.2278,378.0174
16,123,78.6952,148.1562
16,674,177.3377,198.4367
16,146,326.7996,521.5727
16,172,48.8194,87.7755
16,185,174.0273,213.5028
16,20,329.5523,444.9525
16,230,648.9299,965.2552
16,63,120.7842,151.3078
16,712,121.5436,184.8306
16,868,627.2263,1230.5460
16,24,414.9240,693.1365
16,177,560.8108,969.8339
16,237,342.3800,659.6893
16,97,388.0764,688.6862
16,124,34.8823,58.3402
16,96,206.6443,413.2075
16,187,38.8360,73.0197
16,943,33.9836,47.2520
16,653,175.6457,300.2560
16,181,65.6025,67.8574
16,286,25.5624,50.8234
16,94,220.9590,243.9110
16,104,71.7542,82.4392
16,405,334.8800,619.2392
16,293,190.5968,292.8213
16,78,433.2057,455.4167
16,278,208.1540,283.7970
16,109,255.3242,357.1616
16,16,218.7978,286.9833
16,275,32.1013,56.2451
16,102,71.1986,92.8599
16,686,104.2790,179.5631
16,87,667.4878,1153.4625
16,401,30.2326,50.9327
16,959,611.5437,1055.2421
16,554,294.7480,411.6189
16,149,117.8677,185.6901
16,457,202.8546,304.4199
16,37,87.5650,90.8201
16,176,53.1738,83.0197
16,82,82.2827,104.3807
16,53,217.7565,217.9699
16,191,218.2849,236.3241
16,72,160.2625,221.4755
16,900,156.0195,180.5482
16,929,427.2311,653.3677
16,924,43.8385,75.9290
16,108,42.0931,62.9835
16,396,603.5962,950.3206
16,189,54.7367,77.8473
16,49,250.5854,434.4684
16,621,15.3131,19.8938
16,44,243.0306,420.5261
16,690,125.0556,198.5388
16,179,253.9096,344.0299
16,35,578.4513,989.7469
16,840,218.1346,400.2845
16,116,582.3359,720.0316
16,817,186.1631,315.2179
16,650,312.1809,354.7194
16,417,177.8549,236.2174
16,349,79.2273,146.4240
16,74,105.2154,126.1189
16,148,458.6562,772.4845
16,503,57.2163,59.8731
16,11,41.4509,68.7002
16,171,141.7746,274.3493
16,677,112.7164,181.0267
16,129,28.2880,48.4123
16,212,121.0545,184.2436
16,90,223.8020,274.0375
16,232,182.3192,297.7044
16,167,221.2114,413.2560
16,89,226.7081,432.4724
16,901,258.6798,393.4457
16,345,21.9192,34.4116
16,407,375.4467,576.6262
16,867,33.7920,37.1509
16,131,344.0384,668.0855
16,969,436.5725,669.0949
16,630,502.7238,509.0578
16,610,82.7708,163.3553
16,46,621.5899,693.3478
16,535,40.0993,63.6367
16,439,56.5049,83.0987
16,323,66.6908,92.9262
16,551,280.5166,436.1457
16,333,285.4025,409.5671
16,446,72.0704,142.6435
16,669,192.1722,270.1952
16,838,76.5991,83.7045
16,378,249.9332,422.1849
16,25,224.1963,244.5070
16,750,44.0391,62.0089
16,66,124.4030,194.6648
16,406,660.3330,701.3655
16,587,373.4172,699.4492
16,493,192.4907,300.4554
16,9,439.3954,584.4552
16,144,174.6718,308.7040
16,55,40.1529,45.9873
16,32,108.0727,137.7061
16,853,45.3496,59.7115
16,194,21.8521,30.8991
16,805,561.0533,909.0383
16,921,102.4297,109.4582
16,821,230.6243,347.3190
16,71,116.6145,151.4534
16,739,351.0297,504.9552
16,235,196.5573,213.2532
16,59,49.8080,91.6776
16,222,111.7139,149.8694
16,14,237.5603,356.7197
16,421,31.8561,50.5149
16,760,25.6956,39.5286
16,736,509.2360,520.6003
16,270,528.6300,788.1325
16,203,360.2288,673.1155
16,206,496.5854,740.8094
16,236,24.1775,43.4507
17,25,30.1689,55.8961
17,51,299.5056,356.1832
17,18,169.6510,187.2389
17,3,293.0776,560.4250
17,63,372.6103,376.5972
17,31,102.0478,167.3281
17,59,140.4352,178.1502
17,785,640.1689,1241.7935
17,44,101.3730,141.4602
17,33,19.0731,36.0292
17,52,54.9494,87.1227
17,60,181.0023,301.6416
17,20,263.4078,409.3720
17,934,194.8706,271.6875
17,9,47.6675,63.5562
17,37,300.2766,418.2853
17,13,19.3046,29.8092
17,41,293.2848,316.2443
17,740,521.4598,549.7200
17,80,66.8095,107.0322
17,38,61.5512,82.2282
17,12,26.6857,44.3190
17,303,120.6470,187.6892
17,15,271.3261,323.5587
17,47,75.7477,85.0159
17,79,298.3675,496.7131
17,659,206.5201,231.5557
17,50,76.5460,151.4819
17,8,38.9339,39.3445
17,71,708.7495,1074.1212
17,5,107.3012,168.0335
17,897,357.2594,504.9418
17,17,354.4204,617.9454
17,432,346.6211,491.6625
17,30,507.9196,600.2612
17,66,148.9914,254.4881
17,62,76.0920,111.7325
17,19,53.5523,54.2649
17,566,66.5867,117.3197
17,478,241.8939,291.7466
17,235,143.9056,172.2537
17,42,244.0708,474.1104
17,69,669.2652,1233.6467
17,340,125.3322,216.3542
17,68,406.6320,504.5136
17,242,198.4788,275.8445
17,612,115.5526,170.3192
17,859,460.3794,857.7665
17,46,45.8807,91.6825
17,296,48.3384,82.1903
17,58,98.2765,154.5707
17,40,531.9964,882.1970
17,10,354.3419,494.9586
17,73,89.1947,89.3283
17,671,58.8719,116.7611
17,365,50.2407,89.8203
17,64,32.6151,63.4118
17,114,60.7629,62.7442
17,221,223.4025,251.6777
17,561,66.6753,78.5306
17,2,232.5332,376.9249
17,694,329.6504,573.5602
17,936,80.9386,158.9852
17,907,37.3827,58.0914
17,39,90.9291,99.9839
17,961,12.6452,22.7737
17,1,336.4517,371.0625
17,972,541.6716,784.0126
17,871,159.0079,245.9306
17,67,372.7730,668.4384
17,70,214.6224,261.6841
17,65,294.3213,521.9584
17,701,63.6267,105.5885
17,453,402.1245,430.4484
17,833,67.0895,81.2795
17,459,25.9971,28.3483
17,7,312.5511,392.3790
17,55,27.8670,49.4325
17,21,564.8587,627.8108
17,291,14.1627,15.0726
17,29,496.7687,501.5561
18,1,170.1414,289.7621
18,73,113.8199,154.0197
18,91,182.0455,294.6570
18,81,32.7338,51.0844
18,47,386.1531,648.7426
18,78,131.4339,193.2340
18,52,210.9496,244.8586
18,14,38.1424,53.1888
18,9,373.3962,650.6605
18,119,447.4806,726.2645
18,62,39.8379,45.8593
18,97,389.0037,762.1459
18,102,404.1170,511.5539
18,329,193.6489,300.9033
18,95,166.9956,203.8981
18,11,136.9928,188.7887
18,108,40.3180,56.2420
18,54,200.1474,387.0647
18,38,112.8685,191.0468
18,6,362.1803,464.1364
18,309,73.0758,78.1307
18,64,486.4474,709.4513
18,22,130.7173,240.1455
18,48,243.6242,335.2793
18,92,182.1608,280.4317
18,67,310.4312,482.1547
18,39,82.5793,88.4533
18,70,63.8623,102.1053
18,898,393.6910,605.7850
18,37,245.1951,313.7832
18,112,91.1439,154.6360
18,920,53.6265,70.5958
18,33,268.3519,467.4780
18,914,325.1358,564.8307
18,582,514.2503,869.0067
18,8,51.4419,77.3512
18,76,62.7615,91.8912
18,450,144.9639,163.2713
18,68,171.3446,276.4348
18,51,224.8666,273.6323
18,45,111.0105,126.5543
18,104,724.6607,1138.9530
18,43,105.8853,112.6747
18,69,151.9158,257.9959
18,49,10.4778,15.4961
18,98,184.7345,273.8298
18,15,83.1606,142.7378
18,60,58.2212,100.2312
18,72,273.3101,532.3845
18,84,238.5375,272.7529
18,892,47.0553,79.9475
18,547,72.0867,110.7911
18,23,281.7760,504.5603
18,164,45.1510,45.5761
18,809,24.3555,47.9547
18,839,49.3994,79.6538
18,75,52.0572,69.1208
18,103,462.5246,479.8888
18,87,366.0687,454.1739
18,101,352.6119,421.4910
18,729,58.1470,88.5414
18,90,149.9193,253.0794
18,40,422.1937,510.2063
18,859,49.8349,82.5454
18,540,10.8068,12.2092
18,473,61.3152,87.7456
18,53,658.6333,1193.8428
18,12,156.4573,173.5894
18,77,13.0507,24.4923
18,61,368.8619,563.5477
18,118,85.4460,131.1390
18,110,310.8721,370.0565
18,94,27.6612,50.0739
18,71,313.7713,437.8623
18,34,59.2372,109.4349
18,44,476.0853,683.1121
18,115,282.8066,399.1030
18,773,25.1506,34.3777
18,198,100.3418,193.8346
18,977,43.1952,44.3423
18,722,186.3186,190.1181
18,694,225.3632,402.6662
18,155,66.9071,93.2835
18,173,17.3501,28.1719
18,393,226.3698,452.2742
18,229,40.4468,62.6456
18,804,388.2941,403.1237
18,85,113.7616,162.9948
18,117,137.9576,217.8544
18,79,216.5516,221.6399
18,903,107.0107,210.4081
18,148,16.0257,17.8980
18,511,105.9920,169.2607
18,28,626.4940,1245.1659
18,66,120.4746,202.6134
18,5,441.7382,621.3811
18,829,627.2652,1172.2240
18,406,48.8717,97.6706
18,25,125.3101,181.9151
18,751,274.3601,474.3957
18,778,224.7789,376.6253
18,96,431.0819,703.3707
18,222,112.9542,156.7236
18,29,69.9110,102.9820
18,20,105.0222,124.2972
18,403,146.4779,276.0916
18,100,67.3279,107.3920
18,10,91.0993,158.1645
18,475,107.8167,122.9706
18,661,384.9464,758.8262
18,82,387.7910,736.7504
18,583,107.4373,154.4232
18,659,582.8775,995.4256
18,921,482.4322,486.5386
18,135,140.6829,232.3125
18,74,233.0444,311.0421
18,3,208.9184,294.2600
18,42,203.7953,382.5496
18,36,47.0740,48.9515
18,660,33.0008,35.5468
19,121,32.5108,39.6388
19,107,547.3365,852.6060
19,168,435.5936,840.2619
19,56,42.2698,82.1521
19,79,239.8724,299.9691
19,93,65.5688,72.7242
19,124,488.1253,960.9370
19,147,304.3499,537.1564
19,115,216.5050,244.1250
19,36,204.0606,290.3198
19,129,392.0598,660.8537
19,53,211.8859,405.9017
19,153,90.4898,131.1710
19,194,238.4110,277.5565
19,3,35.9070,61.8779
19,28,540.8895,735.6469
19,20,251.2858,368.4702
19,164,108.9209,172.7083
19,62,39.2115,65.3140
19,170,332.0397,412.1343
19,30,147.7526,200.1890
19,42,216.9166,379.0749
19,94,24.0609,27.4203
19,41,141.7343,261.3669
19,195,124.9712,176.9046
19,4,26.0655,41.8675
19,123,87.8052,168.1111
19,44,185.5273,287.4468
19,39,179.0836,235.9883
19,118,67.4459,120.5262
19,9,498.1573,828.6717
19,621,235.3924,415.3325
19,154,349.2566,658.8553
19,86,186.0326,320.3258
19,742,83.9934,158.5301
19,106,536.3647,836.0908
19,190,11.4288,22.4708
19,51,44.9204,80.7043
19,74,75.5677,108.4922
19,113,248.6510,350.7737
19,453,571.7956,950.8389
19,155,84.5923,134.9988
19,199,373.5417,603.0928
19,32,24.8418,45.5086
19,98,300.0698,519.0265
19,161,93.6260,142.1725
19,18,56.0033,98.6530
19,57,41.5592,51.1179
19,737,66.5202,74.2284
19,180,113.7515,157.6189
19,270,296.5790,350.5800
19,335,486.3675,522.9940
19,770,202.8384,394.4265
19,157,104.5541,178.5365
19,67,222.1387,431.7719
19,198,279.4702,397.3115
19,401,349.3378,525.9501
19,166,130.2656,161.3892
19,89,54.4805,100.7941
19,95,434.4671,854.3500
19,88,40.1202,55.5805
19,26,39.3993,52.1196
19,372,35.9923,47.7389
19,80,222.9448,297.3914
19,887,326.7988,635.4906
19,68,531.4469,710.9538
19,29,468.7658,872.9779
19,16,503.5224,775.9168
19,187,32.4757,60.7396
19,75,180.8028,187.9097
19,91,249.5471,477.2731
19,133,458.2910,486.4343
19,27,137.1551,203.1649
19,127,320.1540,467.8879
19,690,417.0336,670.9025
19,102,168.5949,227.4505
19,48,82.4520,144.4868
19,211,27.6464,48.8455
19,99,245.3995,440.0145
19,136,23.1142,41.5154
19,146,601.9423,900.5019
19,183,19.4847,30.6857
19,682,28.2919,40.4732
19,362,430.9068,611.7336
19,21,181.1583,358.5975
19,142,198.9715,203.7692
19,904,16.5783,26.3945
19,812,364.5548,583.5686
19,172,211.1343,322.8444
19,35,23.2329,24.7222
19,122,160.6168,186.5780
19,125,59.3287,80.8462
19,13,30.0828,57.4288
19,25,17.8161,24.7442
19,163,447.4943,746.9796
19,87,34.7162,40.2201
19,333,59.5416,64.1147
19,131,247.2316,405.5200
19,132,214.3820,226.9179
19,403,149.0301,224.2880
19,65,395.0658,581.7612
19,292,216.1990,325.9403
19,860,298.5399,512.9909
19,78,95.5743,145.1993
19,34,144.8219,196.3117
19,458,238.0240,359.3912
19,184,243.2067,342.5519
19,204,135.9878,193.7161
19,794,459.5203,746.2283
19,90,14.9049,16.1894
19,696,711.8706,1127.0022
19,931,272.0999,325.1303
19,43,285.1566,562.1378
19,24,616.0498,877.9927
19,7,343.7683,418.3332
19,429,181.8187,327.7578
19,949,342.4477,510.6211
19,140,45.4028,63.2896
19,105,80.7842,129.4772
19,950,42.6987,43.2066
19,58,332.8853,548.6746
19,130,34.1193,47.2980
19,479,217.2846,262.0528
19,77,36.4670,50.6423
19,506,47.8489,77.1780
19,185,170.0211,274.4209
19,33,46.4177,87.1675
19,552,123.9508,157.6171
19,227,65.3693,123.7145
19,311,334.5238,611.8063
19,14,105.6280,155.7108
19,698,195.6987,292.4558
19,675,558.8952,767.7881
19,6,221.6197,284.2271
19,49,12.2875,13.1692
19,169,22.3151,22.5506
19,17,65.2965,72.6208
19,156,260.3330,493.9459
19,488,236.1319,240.8384
19,641,146.8134,211.1464
19,120,57.2938,110.4074
19,471,28.9977,42.2751
19,73,662.8141,851.4461
19,348,50.8778,77.4631
19,152,57.7507,101.9152
19,108,129.3021,199.3750
19,660,24.0731,37.8196
19,167,72.0022,109.1384
19,560,134.4441,153.6647
19,744,370.3503,400.4695
19,521,474.8107,745.3306
19,428,126.4244,231.5790
19,117,358.5957,592.2792
19,160,251.7085,450.6792
19,814,185.9999,249.9496
19,103,233.5617,376.4578
19,408,152.5082,274.3292
19,337,35.1337,46.2326
19,100,156.9679,263.2675
19,23,242.2187,481.9736
19,81,180.8602,204.4286
19,197,20.7184,22.6888
19,322,69.8257,100.0970
19,505,281.3107,527.6648
19,104,33.1457,59.4947
19,63,73.8790,107.1540
19,181,171.9539,195.6191
19,565,396.2006,414.4958
19,72,630.7989,902.4232
19,365,332.8138,338.0782
19,784,274.8464,535.0165
19,262,43.0649,60.1375
19,608,71.6208,73.0930
19,852,114.8585,178.9543
19,344,64.1851,73.6609
19,2,173.8091,220.1670
19,223,104.0196,137.8022
19,114,175.8807,351.6854
19,176,179.1310,273.2031
19,61,157.5908,271.7092
19,189,75.9601,114.8993
19,317,244.9982,352.9673
19,196,207.3455,326.4702
19,797,539.1399,620.2589
19,644,400.3341,784.6143
19,128,200.5524,276.4870
19,306,407.6270,666.9870
19,148,131.1682,202.3200
19,874,619.1332,1083.6907
19,178,117.0532,186.4873
19,85,54.9327,82.5639
19,159,17.0668,30.2020
19,5,201.3859,292.6098
19,10,525.4176,746.9026
19,66,193.8393,322.5505
19,288,71.8770,123.7937
19,275,321.4449,626.0578
19,364,303.1504,329.1666
19,803,24.8722,39.3660
19,260,143.1244,246.5325
19,19,165.7363,235.1206
19,228,247.7967,281.7344
20,90,135.9239,255.3575
20,111,70.6291,101.2078
20,37,103.0639,167.6820
20,21,260.2660,498.7404
20,15,12.5040,12.8329
20,126,403.3662,437.1080
20,98,175.2038,271.4232
20,26,243.2699,474.0994
20,104,25.2083,46.0998
20,110,24.9784,29.5177
20,161,27.8034,53.1300
20,114,95.7951,181.9426
20,129,132.3013,188.4987
20,745,519.9312,888.4758
20,153,44.7243,69.5051
20,170,75.3590,139.0209
20,125,30.9506,46.4670
20,147,30.7087,33.9005
20,163,111.4505,146.5626
20,112,77.4445,83.4471
20,120,588.2081,810.8248
20,176,544.8814,559.2252
20,46,90.8044,176.4795
20,81,490.7921,774.1236
20,97,68.7727,86.2086
20,7,304.1873,598.7512
20,77,79.1804,123.1189
20,34,58.1665,76.0252
20,172,386.2089,388.3136
20,119,608.6025,1100.3391
20,56,62.1933,102.1813
20,109,86.6214,105.5431
20,811,235.2023,450.9339
20,227,672.7993,1328.3902
20,576,178.2117,316.4684
20,191,29.1225,55.8741
20,134,733.8151,1247.5646
20,139,623.4661,709.6876
20,51,99.2784,162.4899
20,8,42.3099,69.9808
20,118,610.3052,893.3276
20,135,38.3793,70.1829
20,64,20.0185,27.9656
20,93,60.9270,65.8007
20,519,34.1460,37.9617
20,73,321.5658,398.6598
20,17,266.8913,453.8654
20,184,407.0411,700.5243
20,23,227.9186,244.8038
20,87,736.4586,875.7625
20,168,594.2788,1134.6650
20,654,160.3201,191.4010
20,524,10.6862,16.4808
20,45,16.0945,19.6995
20,329,43.0502,59.2941
20,128,206.9673,262.8717
20,76,14.3495,21.8495
20,911,124.8404,186.1879
20,838,42.0338,48.3134
20,86,23.4797,39.8534
20,146,24.7679,30.4857
20,74,420.4762,733.0337
20,209,463.7154,599.2844
20,66,146.8340,229.1346
20,644,39.5919,65.5804
20,973,65.9885,81.7644
20,31,155.3854,262.9175
20,44,622.7266,699.4823
20,11,70.8245,80.6284
20,154,28.8845,33.2995
20,54,35.1247,40.1171
20,144,73.4286,112.0560
20,254,141.0162,210.1771
20,88,70.9013,85.5024
20,710,24.1475,36.6421
20,106,315.3803,385.1386
20,164,104.2131,194.2333
20,75,334.7957,533.5105
20,136,18.0671,26.9701
20,178,200.4146,338.1171
20,188,171.5873,280.1697
20,115,173.5452,335.3745
20,325,15.9311,28.1106
20,138,199.6945,304.5569
20,82,16.3512,23.0304
20,472,694.0997,952.0804
20,169,545.4406,992.3019
20,71,391.9568,530.2006
20,588,86.2871,107.5749
20,179,247.8765,354.4571
20,829,726.7967,1020.3213
20,186,104.9036,180.3652
20,105,415.0018,428.4403
20,124,303.9713,504.2641
20,606,252.3102,416.4715
20,180,11.8553,19.2941
20,719,144.2845,146.9896
20,42,25.4755,35.1369
20,765,187.2369,299.5008
20,284,17.0263,33.5839
20,181,373.9620,593.7727
20,32,142.5634,267.1948
20,160,619.4488,1169.1683
20,149,23.5722,35.3576
20,177,160.8929,181.0848
20,143,77.7083,154.3781
20,192,177.4832,347.1883
20,649,73.4422,121.5456
20,613,154.8722,161.2581
20,547,105.6907,120.8233
20,101,633.3826,1172.5597
20,99,564.7309,823.5019
20,982,541.8911,943.3838
20,116,18.6319,35.8258
20,832,155.5225,208.4808
20,36,414.9180,709.4271
20,313,392.7683,578.9595
20,593,11.2400,21.0497
20,84,196.9320,335.0858
20,130,124.9612,149.3347
20,151,71.5821,133.8214
20,33,135.9236,249.6708
20,173,298.8160,558.2117
20,157,38.3268,39.0523
20,280,60.3202,70.2377
20,486,42.4697,65.5531
20,449,11.2397,17.1562
20,19,57.6852,112.6551
20,637,419.9261,738.0008
20,58,130.7032,163.8451
20,9,198.2794,299.5967
20,167,404.3521,489.4107
20,988,32.4752,41.4716
20,68,200.2266,284.1113
20,187,65.8295,126.3170
20,43,22.1828,35.2764
20,132,194.7447,319.7538
20,4,22.9038,38.0615
20,59,214.2589,363.7351
20,971,234.6601,443.4416
20,148,259.5630,353.0516
20,57,18.5432,31.9001
20,16,127.7663,170.5314
20,158,275.7172,529.5766
20,35,432.6711,678.6210
20,131,25.3025,38.6387
20,859,141.7962,209.9720
20,566,18.8567,28.4282
20,165,176.0479,233.7582
20,353,59.0803,61.6572
20,156,167.3899,280.3996
20,190,11.1500,19.9568
20,953,20.6365,26.5944
20,152,276.7452,397.8357
20,839,26.6619,46.3836
20,18,88.4715,147.4373
20,121,498.5229,768.9757
20,48,125.1442,227.3368
20,40,283.7877,336.0359
20,53,211.5694,256.3117
20,419,275.8077,432.8163
20,39,280.2597,530.9658
20,352,68.5532,73.4062
20,665,104.2482,150.3237
20,935,62.0285,120.6515
20,580,174.2674,218.4341
20,91,201.7043,377.6409
20,676,417.5246,458.1189
20,359,484.9541,799.2532
20,309,106.6786,132.0696
20,821,84.4837,97.8826
20,861,448.5895,808.2545
20,624,375.6614,616.5004
20,24,24.7495,26.9186
20,52,33.2710,50.4723
20,945,20.8315,21.9770
20,355,228.0444,292.4988
20,10,191.4152,230.2768
20,596,729.4276,1338.4668
20,798,166.5300,167.6712
20,100,25.9221,45.8580
20,818,76.7098,133.2130
20,213,100.2784,166.5917
20,162,184.3952,218.5672
20,491,116.9241,216.2523
20,337,96.7833,142.5896
20,219,231.9145,330.8045
20,103,265.0395,489.3505
20,464,90.7812,161.6149
20,404,151.8381,197.2718
20,597,266.9584,527.9588
20,797,98.3373,132.6417
20,530,19.2972,35.3394
